{
  "adapter": "runs/sw_guardrail/step_00600",
  "L0": 0.00319997768868537,
  "chains": [
    0.0022586087385813303,
    -0.005004667652732074
  ],
  "chain_meanLs": [
    0.0033129081256144366,
    0.0029497443060487664
  ],
  "llc_mean": -0.001373029457075372,
  "config": {
    "chains": 2,
    "draws": 20,
    "burnin": 20,
    "lr": 1e-08,
    "gamma": 10000.0,
    "nbeta": 20.0,
    "batch": 8
  }
}