{
  "adapter": "runs/sw_guardrail/step_00600",
  "L0": 0.00319997768868537,
  "chains": [
    0.0003220796762939751,
    0.00020554629494048005,
    9.386507364171019e-05
  ],
  "chain_meanLs": [
    0.0035220573649793452,
    0.00340552398362585,
    0.0032938427623270803
  ],
  "llc_mean": 0.00020716368162538844,
  "config": {
    "chains": 3,
    "draws": 30,
    "burnin": 30,
    "lr": 1e-08,
    "gamma": 10000.0,
    "nbeta": 1.0,
    "batch": 8
  }
}