{
  "adapter": "runs/sw_guardrail/step_00600",
  "L0": 1.035174936056137,
  "chains": [
    -0.14275791744391197
  ],
  "chain_meanLs": [
    1.0208991443117459
  ],
  "llc_mean": -0.14275791744391197,
  "config": {
    "chains": 1,
    "draws": 8,
    "burnin": 8,
    "lr": 1e-09,
    "gamma": 10000.0,
    "nbeta": 10.0,
    "batch": 8
  }
}