{
  "adapter": "runs/sw_guardrail/step_00600",
  "L0": 1.035174936056137,
  "chains": [
    -0.00802098525067163
  ],
  "chain_meanLs": [
    1.0271539508054655
  ],
  "llc_mean": -0.00802098525067163,
  "config": {
    "chains": 1,
    "draws": 8,
    "burnin": 8,
    "lr": 1e-09,
    "gamma": 10000.0,
    "nbeta": 1.0,
    "batch": 8
  }
}