{
  "adapter": "runs/sw_guardrail/step_00600",
  "L0": 1.035174936056137,
  "chains": [
    -1.366645377129314
  ],
  "chain_meanLs": [
    0.9896200901518266
  ],
  "llc_mean": -1.366645377129314,
  "config": {
    "chains": 1,
    "draws": 8,
    "burnin": 8,
    "lr": 1e-09,
    "gamma": 10000.0,
    "nbeta": 30.0,
    "batch": 8
  }
}