{
  "adapter": "runs/sw_guardrail/step_00600",
  "L0": 1.035174936056137,
  "chains": [
    -14.804459394363223
  ],
  "chain_meanLs": [
    0.5416929562440297
  ],
  "llc_mean": -14.804459394363223,
  "config": {
    "chains": 1,
    "draws": 8,
    "burnin": 8,
    "lr": 1e-06,
    "gamma": 10000.0,
    "nbeta": 30.0,
    "batch": 8
  }
}