{
  "adapter": "runs/sw_guardrail/step_00600",
  "L0": 1.035174936056137,
  "chains": [
    -0.10515333277483785
  ],
  "chain_meanLs": [
    0.9300216032812992
  ],
  "llc_mean": -0.10515333277483785,
  "config": {
    "chains": 1,
    "draws": 8,
    "burnin": 8,
    "lr": 1e-07,
    "gamma": 10000.0,
    "nbeta": 1.0,
    "batch": 8
  }
}