{
  "adapter": "runs/sw_guardrail/step_00600",
  "L0": 1.035174936056137,
  "chains": [
    -9.747868981212376
  ],
  "chain_meanLs": [
    0.7102459700157245
  ],
  "llc_mean": -9.747868981212376,
  "config": {
    "chains": 1,
    "draws": 8,
    "burnin": 8,
    "lr": 1e-08,
    "gamma": 10000.0,
    "nbeta": 30.0,
    "batch": 8
  }
}