{
  "inputs": {
    "training_steps": 10000,
    "sampler_chain_steps": 31700,
    "seconds_per_training_step": 0.07436025970000401,
    "seconds_per_sampler_chain_step": 0.1409784203375,
    "evaluation_hours": 1.5,
    "overhead_factor": 1.4,
    "hourly_rate_usd_planning_assumption": 1.0
  },
  "charged_hours": {
    "low": 2.1162776550630507,
    "median": 3.527129425105085,
    "high": 7.05425885021017
  },
  "raw_compute_cost_usd": {
    "low": 2.1162776550630507,
    "median": 3.527129425105085,
    "high": 7.05425885021017
  },
  "planning_warning": "Engineering sensitivity interval, not a statistical confidence interval or official cloud quote.",
  "review_required": false
}
