{
  "learning_rate": 0.0001,
  "steps": 20,
  "tokens": 40960,
  "wall_seconds": 0.8686794499999451,
  "initial_pt_bpb": 6.453182046339674,
  "final_pt_bpb": 4.552816553462548,
  "pt_bpb_delta": -1.9003654928771265,
  "initial_english_bpb": 2.6943750109081397,
  "final_english_bpb": 2.8706934931591443,
  "english_bpb_delta": 0.17631848225100466,
  "initial_grammar_mean_margin": 1.1819507598876953,
  "final_grammar_mean_margin": -0.2859513282775879,
  "train_losses": [
    11.699992179870605,
    10.180809020996094,
    9.61108684539795,
    8.41640567779541,
    8.457439422607422,
    8.461894035339355,
    8.417309761047363,
    8.169742584228516,
    8.079238891601562,
    7.357316970825195,
    8.169390678405762,
    8.133234977722168,
    8.069740295410156,
    7.828519821166992,
    7.3643083572387695,
    7.324484348297119,
    7.374461650848389,
    7.849658012390137,
    6.801501274108887,
    7.084541320800781
  ]
}
