{
  "learning_rate": 3e-05,
  "steps": 20,
  "tokens": 40960,
  "wall_seconds": 0.9608669429999281,
  "initial_pt_bpb": 6.453182046339674,
  "final_pt_bpb": 4.775426783260568,
  "pt_bpb_delta": -1.6777552630791064,
  "initial_english_bpb": 2.6943750109081397,
  "final_english_bpb": 2.5810869330002637,
  "english_bpb_delta": -0.11328807790787598,
  "initial_grammar_mean_margin": 1.1819507598876953,
  "final_grammar_mean_margin": -0.2067704200744629,
  "train_losses": [
    11.699992179870605,
    10.794503211975098,
    10.09487247467041,
    8.988608360290527,
    8.934999465942383,
    8.695366859436035,
    8.216726303100586,
    8.854676246643066,
    8.424515724182129,
    8.923927307128906,
    8.188961029052734,
    8.66035270690918,
    7.845125675201416,
    7.8482666015625,
    8.2825927734375,
    8.421730041503906,
    7.740966796875,
    8.26469898223877,
    7.818713188171387,
    7.76358699798584
  ]
}
