{
  "learning_rate": 0.0003,
  "steps": 20,
  "tokens": 40960,
  "wall_seconds": 0.8385360150000452,
  "initial_pt_bpb": 6.453182046339674,
  "final_pt_bpb": 4.451764730696268,
  "pt_bpb_delta": -2.0014173156434065,
  "initial_english_bpb": 2.6943750109081397,
  "final_english_bpb": 3.0040084237055305,
  "english_bpb_delta": 0.30963341279739076,
  "initial_grammar_mean_margin": 1.1819507598876953,
  "final_grammar_mean_margin": -0.039458942413330075,
  "train_losses": [
    11.699992179870605,
    11.076655387878418,
    10.76768684387207,
    9.752821922302246,
    9.278305053710938,
    9.028497695922852,
    8.399197578430176,
    8.015645980834961,
    8.188994407653809,
    8.588727951049805,
    7.995316028594971,
    7.886441230773926,
    7.470070838928223,
    7.9443864822387695,
    7.517050743103027,
    7.1228227615356445,
    7.293452262878418,
    7.554978847503662,
    7.054492950439453,
    7.338646411895752
  ]
}
