{
  "predeclared_lr_grid": [
    3e-05,
    0.0001,
    0.0003
  ],
  "selection_rule": "Choose the finite LR with improved Portuguese validation BPB and no >50% or >0.25 absolute English BPB degradation; rank by final Portuguese BPB then lower LR.",
  "selected_learning_rate": 0.0003,
  "results": [
    {
      "learning_rate": 3e-05,
      "steps": 20,
      "tokens": 40960,
      "wall_seconds": 0.9608669429999281,
      "initial_pt_bpb": 6.453182046339674,
      "final_pt_bpb": 4.775426783260568,
      "pt_bpb_delta": -1.6777552630791064,
      "initial_english_bpb": 2.6943750109081397,
      "final_english_bpb": 2.5810869330002637,
      "english_bpb_delta": -0.11328807790787598,
      "initial_grammar_mean_margin": 1.1819507598876953,
      "final_grammar_mean_margin": -0.2067704200744629,
      "train_losses": [
        11.699992179870605,
        10.794503211975098,
        10.09487247467041,
        8.988608360290527,
        8.934999465942383,
        8.695366859436035,
        8.216726303100586,
        8.854676246643066,
        8.424515724182129,
        8.923927307128906,
        8.188961029052734,
        8.66035270690918,
        7.845125675201416,
        7.8482666015625,
        8.2825927734375,
        8.421730041503906,
        7.740966796875,
        8.26469898223877,
        7.818713188171387,
        7.76358699798584
      ]
    },
    {
      "learning_rate": 0.0001,
      "steps": 20,
      "tokens": 40960,
      "wall_seconds": 0.8686794499999451,
      "initial_pt_bpb": 6.453182046339674,
      "final_pt_bpb": 4.552816553462548,
      "pt_bpb_delta": -1.9003654928771265,
      "initial_english_bpb": 2.6943750109081397,
      "final_english_bpb": 2.8706934931591443,
      "english_bpb_delta": 0.17631848225100466,
      "initial_grammar_mean_margin": 1.1819507598876953,
      "final_grammar_mean_margin": -0.2859513282775879,
      "train_losses": [
        11.699992179870605,
        10.180809020996094,
        9.61108684539795,
        8.41640567779541,
        8.457439422607422,
        8.461894035339355,
        8.417309761047363,
        8.169742584228516,
        8.079238891601562,
        7.357316970825195,
        8.169390678405762,
        8.133234977722168,
        8.069740295410156,
        7.828519821166992,
        7.3643083572387695,
        7.324484348297119,
        7.374461650848389,
        7.849658012390137,
        6.801501274108887,
        7.084541320800781
      ]
    },
    {
      "learning_rate": 0.0003,
      "steps": 20,
      "tokens": 40960,
      "wall_seconds": 0.8385360150000452,
      "initial_pt_bpb": 6.453182046339674,
      "final_pt_bpb": 4.451764730696268,
      "pt_bpb_delta": -2.0014173156434065,
      "initial_english_bpb": 2.6943750109081397,
      "final_english_bpb": 3.0040084237055305,
      "english_bpb_delta": 0.30963341279739076,
      "initial_grammar_mean_margin": 1.1819507598876953,
      "final_grammar_mean_margin": -0.039458942413330075,
      "train_losses": [
        11.699992179870605,
        11.076655387878418,
        10.76768684387207,
        9.752821922302246,
        9.278305053710938,
        9.028497695922852,
        8.399197578430176,
        8.015645980834961,
        8.188994407653809,
        8.588727951049805,
        7.995316028594971,
        7.886441230773926,
        7.470070838928223,
        7.9443864822387695,
        7.517050743103027,
        7.1228227615356445,
        7.293452262878418,
        7.554978847503662,
        7.054492950439453,
        7.338646411895752
      ]
    }
  ],
  "selected_result": {
    "learning_rate": 0.0003,
    "steps": 20,
    "tokens": 40960,
    "wall_seconds": 0.8385360150000452,
    "initial_pt_bpb": 6.453182046339674,
    "final_pt_bpb": 4.451764730696268,
    "pt_bpb_delta": -2.0014173156434065,
    "initial_english_bpb": 2.6943750109081397,
    "final_english_bpb": 3.0040084237055305,
    "english_bpb_delta": 0.30963341279739076,
    "initial_grammar_mean_margin": 1.1819507598876953,
    "final_grammar_mean_margin": -0.039458942413330075,
    "train_losses": [
      11.699992179870605,
      11.076655387878418,
      10.76768684387207,
      9.752821922302246,
      9.278305053710938,
      9.028497695922852,
      8.399197578430176,
      8.015645980834961,
      8.188994407653809,
      8.588727951049805,
      7.995316028594971,
      7.886441230773926,
      7.470070838928223,
      7.9443864822387695,
      7.517050743103027,
      7.1228227615356445,
      7.293452262878418,
      7.554978847503662,
      7.054492950439453,
      7.338646411895752
    ]
  }
}
