{
  "benchmark": "sampler_smoke",
  "scientific_validity": "none; random-token dataset used for API/performance smoke testing",
  "timestamp_utc": "2026-06-20T01:49:39.428067+00:00",
  "model": "roneneldan/TinyStories-3M",
  "parameter_count": 8278400,
  "gpu": "NVIDIA L4",
  "devinterp_llc_signature": "(model: 'torch.nn.Module', dataset: 'Dataset', observables: 'dict[str, ObservableSpec]', *, lr: 'float', n_beta: 'float', param_masks: 'ParamMasks | None' = None, loss_fn: 'LossFn | None' = None, **kwargs) -> 'xr.Dataset'",
  "sampler_config": {
    "lr": 1e-05,
    "n_beta": 10.0,
    "localization": 100.0,
    "batch_size": 32,
    "num_chains": 2,
    "num_burnin_steps": 100,
    "num_draws": 50,
    "num_steps_bw_draws": 2,
    "output_path": "results/00_infrastructure_gate/sampler_smoke.zarr"
  },
  "observables": {
    "random_tokens": {
      "dataset_size": 512,
      "batches_per_draw": 1
    }
  },
  "wall_seconds": 56.42885056,
  "approx_chain_steps": 400,
  "seconds_per_chain_step_estimate": 0.1410721264,
  "peak_memory_bytes": 3409332224,
  "trace_output_path": "results/00_infrastructure_gate/sampler_smoke.zarr",
  "trace_output_size_bytes": 9547222,
  "result": {
    "coords": {},
    "attrs": {},
    "dims": {
      "chain": 2,
      "step": 200
    },
    "data_vars": {
      "llc_mean": {
        "dims": [],
        "attrs": {},
        "data": -17.284393310546875
      },
      "llc_std": {
        "dims": [],
        "attrs": {},
        "data": 1.2071418762207031
      },
      "llc_per_chain": {
        "dims": [
          "chain"
        ],
        "attrs": {},
        "data": [
          -18.491535186767578,
          -16.077251434326172
        ]
      },
      "llc_scalar": {
        "dims": [],
        "attrs": {},
        "data": -17.284393310546875
      },
      "loss_trace": {
        "dims": [
          "chain",
          "step"
        ],
        "attrs": {},
        "data": [
          [
            15.915573120117188,
            16.611602783203125,
            16.619243621826172,
            16.674596786499023,
            16.05620574951172,
            16.05017852783203,
            15.383527755737305,
            16.025676727294922,
            15.231585502624512,
            14.30751895904541,
            14.3375244140625,
            14.444857597351074,
            14.46242904663086,
            14.026328086853027,
            13.554079055786133,
            13.379960060119629,
            13.288145065307617,
            13.101361274719238,
            12.95704460144043,
            13.290986061096191,
            12.9659423828125,
            13.312047958374023,
            13.401348114013672,
            13.09079360961914,
            13.291821479797363,
            13.230709075927734,
            13.241926193237305,
            13.408408164978027,
            13.127998352050781,
            13.069254875183105,
            13.606619834899902,
            13.164640426635742,
            13.187511444091797,
            13.137192726135254,
            13.090019226074219,
            13.40885066986084,
            13.219304084777832,
            13.120230674743652,
            13.600249290466309,
            13.418338775634766,
            13.395621299743652,
            13.314485549926758,
            13.742733001708984,
            13.725991249084473,
            14.063698768615723,
            13.948434829711914,
            14.150225639343262,
            13.774918556213379,
            13.599661827087402,
            13.283208847045898,
            13.178897857666016,
            13.177216529846191,
            13.002286911010742,
            12.953511238098145,
            12.844897270202637,
            13.008349418640137,
            13.041537284851074,
            13.11475658416748,
            13.169195175170898,
            13.22570514678955,
            13.43382740020752,
            13.274510383605957,
            13.387479782104492,
            13.189322471618652,
            13.406194686889648,
            13.534649848937988,
            13.397351264953613,
            13.889566421508789,
            13.487454414367676,
            13.506489753723145,
            13.352664947509766,
            13.582073211669922,
            13.424675941467285,
            13.464834213256836,
            13.738269805908203,
            13.91883659362793,
            13.641039848327637,
            13.49539566040039,
            13.551769256591797,
            13.633588790893555,
            13.69838809967041,
            13.798186302185059,
            13.566570281982422,
            13.748035430908203,
            13.718853950500488,
            13.717554092407227,
            13.87324333190918,
            13.798036575317383,
            13.959360122680664,
            14.051963806152344,
            14.157334327697754,
            14.154332160949707,
            14.236504554748535,
            13.980332374572754,
            13.987425804138184,
            13.8474760055542,
            13.902130126953125,
            13.798074722290039,
            13.628952026367188,
            13.8742036819458,
            13.896145820617676,
            13.962058067321777,
            13.993481636047363,
            14.056340217590332,
            13.933025360107422,
            13.986684799194336,
            14.533682823181152,
            14.441614151000977,
            14.06416130065918,
            13.9977445602417,
            14.215400695800781,
            13.927308082580566,
            14.224139213562012,
            14.042988777160645,
            14.135621070861816,
            14.15352725982666,
            14.003571510314941,
            13.95640754699707,
            14.10023021697998,
            14.243701934814453,
            14.22502613067627,
            14.186819076538086,
            14.432755470275879,
            14.367780685424805,
            14.494769096374512,
            14.44314193725586,
            14.37449836730957,
            14.219841003417969,
            14.230101585388184,
            14.1962251663208,
            14.27461051940918,
            13.902109146118164,
            13.792859077453613,
            13.89363956451416,
            14.154098510742188,
            14.22982120513916,
            14.16041088104248,
            14.129711151123047,
            14.44656753540039,
            14.431767463684082,
            14.345430374145508,
            14.236549377441406,
            14.524148941040039,
            14.344086647033691,
            14.262043952941895,
            14.549962997436523,
            14.539725303649902,
            14.624405860900879,
            14.50744342803955,
            14.542115211486816,
            14.237922668457031,
            14.37057113647461,
            14.304666519165039,
            14.443697929382324,
            14.459805488586426,
            14.512269020080566,
            14.876413345336914,
            14.723934173583984,
            14.698857307434082,
            14.413493156433105,
            14.561226844787598,
            14.319416999816895,
            14.303221702575684,
            14.471185684204102,
            14.369093894958496,
            14.523838996887207,
            14.48701286315918,
            14.56873893737793,
            14.47292423248291,
            14.628128051757812,
            14.9712495803833,
            14.710604667663574,
            14.762846946716309,
            14.620763778686523,
            14.663212776184082,
            14.677477836608887,
            14.71654987335205,
            14.645331382751465,
            14.829055786132812,
            14.9029541015625,
            14.886983871459961,
            15.009442329406738,
            15.138273239135742,
            15.211626052856445,
            15.130766868591309,
            15.097001075744629,
            15.11141300201416,
            14.97690486907959,
            15.048700332641602,
            14.828569412231445,
