{
  "adapter": "runs/sw_guardrail/step_00400",
  "L0": 0.983081042766571,
  "chains": [
    -0.8880926519632337,
    -1.0988722071051593,
    -1.0846662869056067
  ],
  "chain_meanLs": [
    0.8942717775702477,
    0.8731938220560551,
    0.8746144140760104
  ],
  "llc_mean": -1.023877048658,
  "config": {
    "chains": 3,
    "draws": 20,
    "burnin": 20,
    "lr": 3e-09,
    "gamma": 10000.0,
    "nbeta": 10.0,
    "batch": 8
  }
}